artist,title,album,recordLabel,sequence,programTitle,episodeTitle,episodeTimestamp
Arctic Monkeys,Crying Lightning,CD SINGLE,DOMINO,0,Nick Grimshaw,"Guests, chat, and really good songs",2025-04-16T07:00:00+01:00
jasmine.4.t,Tall Girl,,Saddest Factory,1,Nick Grimshaw,"Guests, chat, and really good songs",2025-04-16T07:00:00+01:00
Alex Reece,Feel The Sunshine,,Universal,2,Nick Grimshaw,"Guests, chat, and really good songs",2025-04-16T07:00:00+01:00
Fontaines D.C.,Before You I Just Forget,,,3,Nick Grimshaw,"Guests, chat, and really good songs",2025-04-16T07:00:00+01:00
Pa SalieuObongjayar,Style & FashionObongjayar,,Warner,4,Nick Grimshaw,"Guests, chat, and really good songs",2025-04-16T07:00:00+01:00
Joy Crookes,I Know You'd Kill,,Sony Music,5,Nick Grimshaw,"Guests, chat, and really good songs",2025-04-16T07:00:00+01:00
Depeche Mode,Personal Jesus,,Mute Records,6,Nick Grimshaw,"Guests, chat, and really good songs",2025-04-16T07:00:00+01:00
Blondie,Hanging On The Telephone,,Chrysalis,7,Nick Grimshaw,"Guests, chat, and really good songs",2025-04-16T07:00:00+01:00
LCD Soundsystem,All My Friends,CD SINGLE,DFA,8,Nick Grimshaw,"Guests, chat, and really good songs",2025-04-16T07:00:00+01:00
Oasis,Live Forever,,Now,9,Nick Grimshaw,"Guests, chat, and really good songs",2025-04-16T07:00:00+01:00
PPJ,Primavera,,Moshi Moshi,10,Nick Grimshaw,"Guests, chat, and really good songs",2025-04-16T07:00:00+01:00
Wolf Alice,How Can I Make It OK?,,Dirty Hit,11,Nick Grimshaw,"Guests, chat, and really good songs",2025-04-16T07:00:00+01:00
Pulp,Spike Island,,Rough Trade,12,Nick Grimshaw,"Guests, chat, and really good songs",2025-04-16T07:00:00+01:00
Doves,Black And White Town,,Heavenly,13,Nick Grimshaw,"Guests, chat, and really good songs",2025-04-16T07:00:00+01:00
Le Tigre,Deceptacon,,Wiiija Records,14,Nick Grimshaw,"Guests, chat, and really good songs",2025-04-16T07:00:00+01:00
Charles B.,Lack Of Love,,Desire Records,15,Nick Grimshaw,"Guests, chat, and really good songs",2025-04-16T07:00:00+01:00
Animal Collective,Summertime Clothes,CD SINGLE,DOMINO,16,Nick Grimshaw,"Guests, chat, and really good songs",2025-04-16T07:00:00+01:00
Adventures of Stevie V,Dirty Cash (Money Talks),,Mercury,17,Nick Grimshaw,"Guests, chat, and really good songs",2025-04-16T07:00:00+01:00
!!!,Freedom! '15,,Warp Records,18,Nick Grimshaw,"Guests, chat, and really good songs",2025-04-16T07:00:00+01:00
The Dare,LCA,,Republic Records,19,Nick Grimshaw,"Guests, chat, and really good songs",2025-04-16T07:00:00+01:00
ThundercatMichael McDonaldKenny Loggins,Show You The WayMichael McDonaldKenny Loggins,Drunk,Brainfeeder,20,Nick Grimshaw,"Guests, chat, and really good songs",2025-04-16T07:00:00+01:00
Little Simz,Free,,AWAL,21,Nick Grimshaw,"Guests, chat, and really good songs",2025-04-16T07:00:00+01:00
Martha Reeves and the Vandellas,Heat Wave,,Motown,22,Nick Grimshaw,"Guests, chat, and really good songs",2025-04-16T07:00:00+01:00
Veruca Salt,Seether,,Scared Hitless,23,Nick Grimshaw,"Guests, chat, and really good songs",2025-04-16T07:00:00+01:00
GANS,I THINK I LIKE YOU,,Strap Originals,24,Nick Grimshaw,"Guests, chat, and really good songs",2025-04-16T07:00:00+01:00
HAAiKAM‐BU,ShapeshiftKAM‐BU,,Mute,25,Nick Grimshaw,"Guests, chat, and really good songs",2025-04-16T07:00:00+01:00
Mk.gee,Are You Looking Up,,R&R Digital,26,Nick Grimshaw,"Guests, chat, and really good songs",2025-04-16T07:00:00+01:00
Garbage,Queer,,Mushroom,27,Nick Grimshaw,"Guests, chat, and really good songs",2025-04-16T07:00:00+01:00
Bon IverDanielle Haim,If Only I Could WaitDanielle Haim,,Jagjaguwar,28,Nick Grimshaw,"Guests, chat, and really good songs",2025-04-16T07:00:00+01:00
Mr. Fingers,Mystery of Love,,Alleviated Records,29,Nick Grimshaw,"Guests, chat, and really good songs",2025-04-16T07:00:00+01:00
The Slits,I Heard It Through The Grapevine,,Island,30,Nick Grimshaw,"Guests, chat, and really good songs",2025-04-16T07:00:00+01:00
Model/Actriz,Cinderella,,Dirty Hit,31,Nick Grimshaw,"Guests, chat, and really good songs",2025-04-16T07:00:00+01:00
Jadu Heart,Mild To Moderate Pain,,VLF Records,32,Nick Grimshaw,"Guests, chat, and really good songs",2025-04-16T07:00:00+01:00
Squid,Houseplants,,Practise Music,33,Nick Grimshaw,"Guests, chat, and really good songs",2025-04-16T07:00:00+01:00
Viagra Boys,The Bog Body,,Shrimptech Enterprises,34,Nick Grimshaw,"Guests, chat, and really good songs",2025-04-16T07:00:00+01:00
Pigs Pigs Pigs Pigs Pigs Pigs Pigs,"Blockage (6 Music Session, 14 Apr 2025)",,,35,Nick Grimshaw,"Guests, chat, and really good songs",2025-04-16T07:00:00+01:00
WITCH,Queenless King,,Partisan,36,Nick Grimshaw,"Guests, chat, and really good songs",2025-04-16T07:00:00+01:00
Deki Alem,FUN,,,37,Nick Grimshaw,"Guests, chat, and really good songs",2025-04-16T07:00:00+01:00
Patrick WolfZola Jesus,LimboZola Jesus,,Apport,38,Nick Grimshaw,"Guests, chat, and really good songs",2025-04-16T07:00:00+01:00
WookieLain,BattleLain,Battle,S2S,39,Nick Grimshaw,"Guests, chat, and really good songs",2025-04-16T07:00:00+01:00
Weezer,Buddy Holly,,Geffen,0,Nick Grimshaw,Bowen Yang,2025-04-15T07:00:00+01:00
The Horrors,LA Runaway,,Fiction,1,Nick Grimshaw,Bowen Yang,2025-04-15T07:00:00+01:00
Peggy Gou,It Makes You Forget (Itgehane),,Ninja Tune,2,Nick Grimshaw,Bowen Yang,2025-04-15T07:00:00+01:00
Deki Alem,FUN,,,3,Nick Grimshaw,Bowen Yang,2025-04-15T07:00:00+01:00
Janelle Monáe,Turntables,,Atlantic Records,4,Nick Grimshaw,Bowen Yang,2025-04-15T07:00:00+01:00
Loyle Carner,All I Need,,Island / EMI,5,Nick Grimshaw,Bowen Yang,2025-04-15T07:00:00+01:00
Angie Stone,Life Story,Black Diamond,Arista,6,Nick Grimshaw,Bowen Yang,2025-04-15T07:00:00+01:00
Cerrone,Supernature,Cerrone - Supernature,Malligator,7,Nick Grimshaw,Bowen Yang,2025-04-15T07:00:00+01:00
Beastie Boys,Sure Shot,Ill Communication,Grand Royal,8,Nick Grimshaw,Bowen Yang,2025-04-15T07:00:00+01:00
The Walkmen,The Rat,,Record Collection,9,Nick Grimshaw,Bowen Yang,2025-04-15T07:00:00+01:00
Neon Neon,I Told Her On Alderaan,,LEX RECORDS,10,Nick Grimshaw,Bowen Yang,2025-04-15T07:00:00+01:00
Eurythmics,Sweet Dreams (Are Made Of This),NOW That's What I Call The 80s  (Various Artists),Now,11,Nick Grimshaw,Bowen Yang,2025-04-15T07:00:00+01:00
Stereolab,Aerial Troubles,,Warp,12,Nick Grimshaw,Bowen Yang,2025-04-15T07:00:00+01:00
Rahim RedcarDâm-Funk,GirlfriendDâm-Funk,,Because Music Ltd,13,Nick Grimshaw,Bowen Yang,2025-04-15T07:00:00+01:00
McAlmont & Butler,Yes,CD SINGLE,Hut Music,14,Nick Grimshaw,Bowen Yang,2025-04-15T07:00:00+01:00
Yeah Yeah Yeahs,Date With the Night,,Polydor,15,Nick Grimshaw,Bowen Yang,2025-04-15T07:00:00+01:00
Midland,Final Credits,Final Credits,Classic Music Company,16,Nick Grimshaw,Bowen Yang,2025-04-15T07:00:00+01:00
Atlantic Ocean,Waterfall,(CD Single),E-Bloc,17,Nick Grimshaw,Bowen Yang,2025-04-15T07:00:00+01:00
Dawn Richard,Babe Ruth,,Merge Records,18,Nick Grimshaw,Bowen Yang,2025-04-15T07:00:00+01:00
Trentemøller,River In Me (ft. Jehnny Beth),,In My Room,19,Nick Grimshaw,Bowen Yang,2025-04-15T07:00:00+01:00
Myd,The Wizard,,Ed Banger Records,20,Nick Grimshaw,Bowen Yang,2025-04-15T07:00:00+01:00
Mac DeMarco,On The Level,,,21,Nick Grimshaw,Bowen Yang,2025-04-15T07:00:00+01:00
Bon Iver,Walk Home,,Jagjaguwar,22,Nick Grimshaw,Bowen Yang,2025-04-15T07:00:00+01:00
Pulp,Do You Remember The First Time?,,Island,23,Nick Grimshaw,Bowen Yang,2025-04-15T07:00:00+01:00
The Smashing Pumpkins,1979,,HUT MUSIC,24,Nick Grimshaw,Bowen Yang,2025-04-15T07:00:00+01:00
Father John Misty,I Guess Time Just Makes Fools Of Us All,,Bella Union,25,Nick Grimshaw,Bowen Yang,2025-04-15T07:00:00+01:00
SHERELLEGeorge Riley,Freaky (Just My Type)George Riley,,Method 808,26,Nick Grimshaw,Bowen Yang,2025-04-15T07:00:00+01:00
Fontaines D.C.,Starburster,,XL Recordings,27,Nick Grimshaw,Bowen Yang,2025-04-15T07:00:00+01:00
Wet Leg,catch these fists,,Domino,28,Nick Grimshaw,Bowen Yang,2025-04-15T07:00:00+01:00
Jamie xxHoney Dijon,Baddy On The Floor,,Young,29,Nick Grimshaw,Bowen Yang,2025-04-15T07:00:00+01:00
TOKiMONSTAPARTYOF2,Feel It,,Young Art Records,30,Nick Grimshaw,Bowen Yang,2025-04-15T07:00:00+01:00
Antony Szmierek,Crashing Up,,Mushroom Music / Virgin Music Group,31,Nick Grimshaw,Bowen Yang,2025-04-15T07:00:00+01:00
Roni Size,Heroes,,Talkin' Loud ‎,32,Nick Grimshaw,Bowen Yang,2025-04-15T07:00:00+01:00
Droogie OtisBoldy James,Everything DesignerBoldy James,,Madlib Invazion,33,Nick Grimshaw,Bowen Yang,2025-04-15T07:00:00+01:00
Billy Nomates,Plans,,Invada,34,Nick Grimshaw,Bowen Yang,2025-04-15T07:00:00+01:00
Humour,Neighbours,,So Young,35,Nick Grimshaw,Bowen Yang,2025-04-15T07:00:00+01:00
Lana Del Rey,"Henry, Come On",,,36,Nick Grimshaw,Bowen Yang,2025-04-15T07:00:00+01:00
Panic Shack,Gok Wan,,Brace Yourself Records,37,Nick Grimshaw,Bowen Yang,2025-04-15T07:00:00+01:00
The Donnas,Take It Off,Take It Off,Atlantic,38,Nick Grimshaw,Bowen Yang,2025-04-15T07:00:00+01:00
X‐Ray Spex,Art-i-Ficial,Germfree Adolescents,Sanctuary Records Ltd,39,Nick Grimshaw,Bowen Yang,2025-04-15T07:00:00+01:00
Lambrini Girls,No Homo,,City Slang,40,Nick Grimshaw,Bowen Yang,2025-04-15T07:00:00+01:00
Michael Kiwanuka,You Ain't The Problem,,Polydor,0,Nick Grimshaw,"Guests, chat, and really good songs",2025-04-14T07:00:00+01:00
Little Simz,Free,,AWAL,1,Nick Grimshaw,"Guests, chat, and really good songs",2025-04-14T07:00:00+01:00
The Cramps,Garbageman,Songs The Lord Taught Us,I.R.S. Records,2,Nick Grimshaw,"Guests, chat, and really good songs",2025-04-14T07:00:00+01:00
SHERELLEGeorge Riley,Freaky (Just My Type)George Riley,,Method 808,3,Nick Grimshaw,"Guests, chat, and really good songs",2025-04-14T07:00:00+01:00
Billy Nomates,The Test,,Invada Records,4,Nick Grimshaw,"Guests, chat, and really good songs",2025-04-14T07:00:00+01:00
Aphex Twin,Avril 14th,,Warp,5,Nick Grimshaw,"Guests, chat, and really good songs",2025-04-14T07:00:00+01:00
Jadu Heart,Mild To Moderate Pain,,VLF Records,6,Nick Grimshaw,"Guests, chat, and really good songs",2025-04-14T07:00:00+01:00
The La’s,There She Goes,,Go! Discs,7,Nick Grimshaw,"Guests, chat, and really good songs",2025-04-14T07:00:00+01:00
Klaxons,It's Not Over Yet,,Polydor,8,Nick Grimshaw,"Guests, chat, and really good songs",2025-04-14T07:00:00+01:00
SOPHIE,BIPP,PRODUCT,Numbers,9,Nick Grimshaw,"Guests, chat, and really good songs",2025-04-14T07:00:00+01:00
New Order,Fine Time,,Factory,10,Nick Grimshaw,"Guests, chat, and really good songs",2025-04-14T07:00:00+01:00
Planningtorock,Jam Fam,,Human Level,11,Nick Grimshaw,"Guests, chat, and really good songs",2025-04-14T07:00:00+01:00
The Duke Spirit,Love Is An Unfamiliar Name,,Loog,12,Nick Grimshaw,"Guests, chat, and really good songs",2025-04-14T07:00:00+01:00
Pip Blom,I Think I'm In Love,,NICE SWAN RECORDS,13,Nick Grimshaw,"Guests, chat, and really good songs",2025-04-14T07:00:00+01:00
The Dare,LCA,,Republic Records,14,Nick Grimshaw,"Guests, chat, and really good songs",2025-04-14T07:00:00+01:00
IDLES,The New Sensation,,Partisan Records,15,Nick Grimshaw,"Guests, chat, and really good songs",2025-04-14T07:00:00+01:00
The Go! Team,Mayday,,Memphis Industries Ltd,16,Nick Grimshaw,"Guests, chat, and really good songs",2025-04-14T07:00:00+01:00
Underworld,Born Slippy,,Junior Boys Own,17,Nick Grimshaw,"Guests, chat, and really good songs",2025-04-14T07:00:00+01:00
Grace Jones,Slave To The Rhythm,,ZTT,18,Nick Grimshaw,"Guests, chat, and really good songs",2025-04-14T07:00:00+01:00
Average White Band,Pick Up The Pieces,,Hit Label,19,Nick Grimshaw,"Guests, chat, and really good songs",2025-04-14T07:00:00+01:00
Duck Sauce,aNYway,aNYway,Fool's Gold Records,20,Nick Grimshaw,"Guests, chat, and really good songs",2025-04-14T07:00:00+01:00
Pulp,Spike Island,,Rough Trade,21,Nick Grimshaw,"Guests, chat, and really good songs",2025-04-14T07:00:00+01:00
Beck,Lost Cause,,Geffen,22,Nick Grimshaw,"Guests, chat, and really good songs",2025-04-14T07:00:00+01:00
Jacob Alon,Don't Fall Asleep,,Island Records,23,Nick Grimshaw,"Guests, chat, and really good songs",2025-04-14T07:00:00+01:00
Betty Davis,They Say I'm Different,They Say I'm Different,Vinyl Experience,24,Nick Grimshaw,"Guests, chat, and really good songs",2025-04-14T07:00:00+01:00
Emma‐Jean Thackray,Maybe Nowhere,,Brownswood Recordings,25,Nick Grimshaw,"Guests, chat, and really good songs",2025-04-14T07:00:00+01:00
Broken Social Scene,7/4 (Shoreline),,City Slang,26,Nick Grimshaw,"Guests, chat, and really good songs",2025-04-14T07:00:00+01:00
Lana Del Rey,"Henry, Come On",,,27,Nick Grimshaw,"Guests, chat, and really good songs",2025-04-14T07:00:00+01:00
Fat Dog,King of the Slugs,,Domino,28,Nick Grimshaw,"Guests, chat, and really good songs",2025-04-14T07:00:00+01:00
Lambrini Girls,No Homo,,City Slang,29,Nick Grimshaw,"Guests, chat, and really good songs",2025-04-14T07:00:00+01:00
Thomas LauderdaleSatan’s Pilgrims,Rhapsody in BlueSatan’s Pilgrims,Thomas Lauderdale meets The Pilgrims,Wrasse Records,30,Nick Grimshaw,"Guests, chat, and really good songs",2025-04-14T07:00:00+01:00
Matt Berninger,Bonnet of Pins,,Concord Recordings,31,Nick Grimshaw,"Guests, chat, and really good songs",2025-04-14T07:00:00+01:00
The Beta Band,Squares,,Regal,32,Nick Grimshaw,"Guests, chat, and really good songs",2025-04-14T07:00:00+01:00
jasmine.4.t,Tall Girl,,Saddest Factory,33,Nick Grimshaw,"Guests, chat, and really good songs",2025-04-14T07:00:00+01:00
Jenny Hval,The Artist Is Absent,,4AD,34,Nick Grimshaw,"Guests, chat, and really good songs",2025-04-14T07:00:00+01:00
Raíces,Esto Es Candombe,,Star Events International,35,Nick Grimshaw,"Guests, chat, and really good songs",2025-04-14T07:00:00+01:00
Self Esteem,"If Not Now, It's Soon",,Universal,36,Nick Grimshaw,"Guests, chat, and really good songs",2025-04-14T07:00:00+01:00
Laurie Anderson,In Our Sleep,Bright Red,Rhino/Warner Records,37,Nick Grimshaw,"Guests, chat, and really good songs",2025-04-14T07:00:00+01:00
Shygirl,Cleo,,Because Music,38,Nick Grimshaw,"Guests, chat, and really good songs",2025-04-14T07:00:00+01:00
Elastica,Waking Up,,DECEPTIVE RECORDS,0,Nick Grimshaw,Vinyl Weekender: Nick Grimshaw,2025-04-11T07:00:00+01:00
Wet Leg,catch these fists,,Domino,1,Nick Grimshaw,Vinyl Weekender: Nick Grimshaw,2025-04-11T07:00:00+01:00
Public Enemy,Rebel Without A Pause,,Global Television,2,Nick Grimshaw,Vinyl Weekender: Nick Grimshaw,2025-04-11T07:00:00+01:00
Scientist,Taxi to Baltimore Dub,Scientific Dub,Cobraside/Abraham/Clock Tower,3,Nick Grimshaw,Vinyl Weekender: Nick Grimshaw,2025-04-11T07:00:00+01:00
Vashti Bunyan,Diamond Day,Just Another Diamond Day,Spinney Records,4,Nick Grimshaw,Vinyl Weekender: Nick Grimshaw,2025-04-11T07:00:00+01:00
Jacob Alon,Don't Fall Asleep,,Island Records,5,Nick Grimshaw,Vinyl Weekender: Nick Grimshaw,2025-04-11T07:00:00+01:00
The Brian Jonestown Massacre,Anemone,Their Satanic Majesties' Second Request,Tangible,6,Nick Grimshaw,Vinyl Weekender: Nick Grimshaw,2025-04-11T07:00:00+01:00
Olive,You’re Not Alone,Huge Hits 1997  (Various Artists),Global Television,7,Nick Grimshaw,Vinyl Weekender: Nick Grimshaw,2025-04-11T07:00:00+01:00
Brakes,All Night Disco Party,,Rough Trade Records,8,Nick Grimshaw,Vinyl Weekender: Nick Grimshaw,2025-04-11T07:00:00+01:00
The Black Keys,Gold on the Ceiling,,NONESUCH,9,Nick Grimshaw,Vinyl Weekender: Nick Grimshaw,2025-04-11T07:00:00+01:00
Herbie Hancock,Rockit,,Columbia,10,Nick Grimshaw,Vinyl Weekender: Nick Grimshaw,2025-04-11T07:00:00+01:00
The Toys,A Lover's Concerto,Best From Bell,Bell,11,Nick Grimshaw,Vinyl Weekender: Nick Grimshaw,2025-04-11T07:00:00+01:00
Pet Shop Boys,West End Girls,PET SHOP BOYS DISCOGRAPHY,Parlophone,12,Nick Grimshaw,Vinyl Weekender: Nick Grimshaw,2025-04-11T07:00:00+01:00
Joy Crookes,I Know You'd Kill,,Sony Music,13,Nick Grimshaw,Vinyl Weekender: Nick Grimshaw,2025-04-11T07:00:00+01:00
The Chemical BrothersQ‐Tip,GoQ‐Tip,,Virgin / EMI,14,Nick Grimshaw,Vinyl Weekender: Nick Grimshaw,2025-04-11T07:00:00+01:00
Zed Bias,Neighbourhood,The Best Garage Anthems... Ever! CD1,Locked On,15,Nick Grimshaw,Vinyl Weekender: Nick Grimshaw,2025-04-11T07:00:00+01:00
Iron Maiden,Run To The Hills,Edward The Great - Iron Maiden's Greatest Hits,EMI,16,Nick Grimshaw,Vinyl Weekender: Nick Grimshaw,2025-04-11T07:00:00+01:00
The Farm,Groovy Train,,Island,17,Nick Grimshaw,Vinyl Weekender: Nick Grimshaw,2025-04-11T07:00:00+01:00
Gwen Guthrie,Peanut Butter (Larry Levan Mix),Genius Of Time,UMC (Universal Music Catalogue),18,Nick Grimshaw,Vinyl Weekender: Nick Grimshaw,2025-04-11T07:00:00+01:00
Imagination,Just An Illusion,Heart Full Of Soul 2  (Various Artist,Global Television,19,Nick Grimshaw,Vinyl Weekender: Nick Grimshaw,2025-04-11T07:00:00+01:00
Myd,The Wizard,,Ed Banger Records,20,Nick Grimshaw,Vinyl Weekender: Nick Grimshaw,2025-04-11T07:00:00+01:00
KelisToo $hort,Bossy,Kelis Was Here,Virgin Records Ltd,21,Nick Grimshaw,Vinyl Weekender: Nick Grimshaw,2025-04-11T07:00:00+01:00
Kae Tempest,Statue In The Square,,Island Records,22,Nick Grimshaw,Vinyl Weekender: Nick Grimshaw,2025-04-11T07:00:00+01:00
John LennonPlastic Ono Band,Power To The People,,Parlophone,23,Nick Grimshaw,Vinyl Weekender: Nick Grimshaw,2025-04-11T07:00:00+01:00
Pigs Pigs Pigs Pigs Pigs Pigs PigsEl‐P,Glib TonguedEl‐P,,Rocket Recordings,24,Nick Grimshaw,Vinyl Weekender: Nick Grimshaw,2025-04-11T07:00:00+01:00
Sister Nancy,Bam Bam,,Techniques,25,Nick Grimshaw,Vinyl Weekender: Nick Grimshaw,2025-04-11T07:00:00+01:00
Lykke Li,Get Some,CD SINGLE,LL RECORDINGS / Atlantic,26,Nick Grimshaw,Vinyl Weekender: Nick Grimshaw,2025-04-11T07:00:00+01:00
Mogwai,Hi Chaos,,Rock Action,27,Nick Grimshaw,Vinyl Weekender: Nick Grimshaw,2025-04-11T07:00:00+01:00
The Velvet Underground,Sweet Jane,,Polydor,28,Nick Grimshaw,Vinyl Weekender: Nick Grimshaw,2025-04-11T07:00:00+01:00
George Kranz,Din daa daa,,Chris Music,29,Nick Grimshaw,Vinyl Weekender: Nick Grimshaw,2025-04-11T07:00:00+01:00
YaejiE Wata,PondeggiE Wata,,XL rECORDS,30,Nick Grimshaw,Vinyl Weekender: Nick Grimshaw,2025-04-11T07:00:00+01:00
Amy Winehouse,Tears Dry On Their Own,,Island,31,Nick Grimshaw,Vinyl Weekender: Nick Grimshaw,2025-04-11T07:00:00+01:00
Bon IverDanielle Haim,If Only I Could WaitDanielle Haim,,Jagjaguwar,32,Nick Grimshaw,Vinyl Weekender: Nick Grimshaw,2025-04-11T07:00:00+01:00
Pulp,Spike Island,,Rough Trade,33,Nick Grimshaw,Vinyl Weekender: Nick Grimshaw,2025-04-11T07:00:00+01:00
Art of Noise,Moments In Love,Moments In Love,ZTT Records,34,Nick Grimshaw,Vinyl Weekender: Nick Grimshaw,2025-04-11T07:00:00+01:00
The MoonlandingzNadine Shah,RoustaboutNadine Shah,,Transgressive,35,Nick Grimshaw,Vinyl Weekender: Nick Grimshaw,2025-04-11T07:00:00+01:00
Anish Kumar,Praise,,AWAL,36,Nick Grimshaw,Vinyl Weekender: Nick Grimshaw,2025-04-11T07:00:00+01:00
Mykki Blanco,Free Ride,,Transgressive,0,Nick Grimshaw,Katy B,2025-04-10T07:00:00+01:00
1-800 GIRLS,there 4 u,,1-800 Girls,1,Nick Grimshaw,Katy B,2025-04-10T07:00:00+01:00
EPMD,Strictly Business,,COOLTEMPO,2,Nick Grimshaw,Katy B,2025-04-10T07:00:00+01:00
Deki Alem,FUN,,,3,Nick Grimshaw,Katy B,2025-04-10T07:00:00+01:00
PJ Harvey,You Said Something,,Island,4,Nick Grimshaw,Katy B,2025-04-10T07:00:00+01:00
Patrick WolfZola Jesus,LimboZola Jesus,,Apport,5,Nick Grimshaw,Katy B,2025-04-10T07:00:00+01:00
Nina Simone,Sinnerman,,Rykodisc,6,Nick Grimshaw,Katy B,2025-04-10T07:00:00+01:00
The Sugarhill Gang,Rapper's Delight,,Global Television,7,Nick Grimshaw,Katy B,2025-04-10T07:00:00+01:00
Basement Jaxx,Rendez-Vu,,XL,8,Nick Grimshaw,Katy B,2025-04-10T07:00:00+01:00
Katy BMs. Dynamite,Lights OnMs. Dynamite,Urban Floorfillers,UMOD (Universal Music On Demand),9,Nick Grimshaw,Katy B,2025-04-10T07:00:00+01:00
Black Rebel Motorcycle Club,Spread Your Love,,Virgin,10,Nick Grimshaw,Katy B,2025-04-10T07:00:00+01:00
XTC,Stupidly Happy,,Cooking Vinyl,11,Nick Grimshaw,Katy B,2025-04-10T07:00:00+01:00
Jungle,Keep Moving,Loving In Stereo,Caiola Records/AWAL,12,Nick Grimshaw,Katy B,2025-04-10T07:00:00+01:00
The The,Infected,,Epic,13,Nick Grimshaw,Katy B,2025-04-10T07:00:00+01:00
The Comet Is Coming,Summon The Fire,,Impulse!,14,Nick Grimshaw,Katy B,2025-04-10T07:00:00+01:00
Gossip,Standing In The Way Of Control,,Back Yard Recordings,15,Nick Grimshaw,Katy B,2025-04-10T07:00:00+01:00
Anderson .PaakKendrick Lamar,TintsKendrick Lamar,,Aftermath Entertainment/12Tone Music,16,Nick Grimshaw,Katy B,2025-04-10T07:00:00+01:00
The Shins,Australia,CD SINGLE,Subpop,17,Nick Grimshaw,Katy B,2025-04-10T07:00:00+01:00
ESG,The Beat,Come Away With ESG,99 Records,18,Nick Grimshaw,Katy B,2025-04-10T07:00:00+01:00
tUnE-yArDs,Limelight,,4AD,19,Nick Grimshaw,Katy B,2025-04-10T07:00:00+01:00
Little SimzCleo Sol,WomanCleo Sol,,Age 101 / AWAL,20,Nick Grimshaw,Katy B,2025-04-10T07:00:00+01:00
CMAT,Running / Planning,,AWAL,21,Nick Grimshaw,Katy B,2025-04-10T07:00:00+01:00
Donna Summer,Love to Love You Baby,,Mercury,22,Nick Grimshaw,Katy B,2025-04-10T07:00:00+01:00
Lush,Thoughtforms,,4AD,23,Nick Grimshaw,Katy B,2025-04-10T07:00:00+01:00
Matt Berninger,Bonnet of Pins,,Concord Recordings,24,Nick Grimshaw,Katy B,2025-04-10T07:00:00+01:00
Dome 3000,Butterfly,,ambient tweets,25,Nick Grimshaw,Katy B,2025-04-10T07:00:00+01:00
Nick Cave & the Bad Seeds,"There She Goes, My Beautiful World",,Mute Records,26,Nick Grimshaw,Katy B,2025-04-10T07:00:00+01:00
The Horrors,LA Runaway,,Fiction,27,Nick Grimshaw,Katy B,2025-04-10T07:00:00+01:00
Confidence ManSweely,All My People (Silva Bumpa Remix),All My People (Silva Bumpa Remix),Polydor Records,28,Nick Grimshaw,Katy B,2025-04-10T07:00:00+01:00
Donna Summer,I Feel Love,,Mercury,29,Nick Grimshaw,Katy B,2025-04-10T07:00:00+01:00
Fischerspooner,Emerge,#1,Ministry Of Sound,30,Nick Grimshaw,Katy B,2025-04-10T07:00:00+01:00
Viagra Boys,The Bog Body,,Shrimptech Enterprises,31,Nick Grimshaw,Katy B,2025-04-10T07:00:00+01:00
Loyle Carner,All I Need,,,32,Nick Grimshaw,Katy B,2025-04-10T07:00:00+01:00
SHERELLEGeorge Riley,Freaky (Just My Type)George Riley,,Method 808,33,Nick Grimshaw,Katy B,2025-04-10T07:00:00+01:00
Droogie OtisBoldy James,Everything DesignerBoldy James,,Madlib Invazion,34,Nick Grimshaw,Katy B,2025-04-10T07:00:00+01:00
Ann Peebles,I Can't Stand The Rain,,Select,35,Nick Grimshaw,Katy B,2025-04-10T07:00:00+01:00
Dream Wife,Hey Heartbreaker,,Lucky Number,0,Nick Grimshaw,SHERELLE and George Riley,2025-04-09T07:00:00+01:00
Viagra Boys,The Bog Body,,Shrimptech Enterprises,1,Nick Grimshaw,SHERELLE and George Riley,2025-04-09T07:00:00+01:00
The Breeders,Hellbound,Pod,4AD,2,Nick Grimshaw,SHERELLE and George Riley,2025-04-09T07:00:00+01:00
HAAiKAM‐BU,ShapeshiftKAM‐BU,,Mute,3,Nick Grimshaw,SHERELLE and George Riley,2025-04-09T07:00:00+01:00
Ibibio Sound Machine,Got To Be Who U Are,,Merge Records,4,Nick Grimshaw,SHERELLE and George Riley,2025-04-09T07:00:00+01:00
Emma‐Jean Thackray,Maybe Nowhere,,Brownswood Recordings,5,Nick Grimshaw,SHERELLE and George Riley,2025-04-09T07:00:00+01:00
Ini Kamoze,World-A-Music,,Island Records,6,Nick Grimshaw,SHERELLE and George Riley,2025-04-09T07:00:00+01:00
Interpol,Slow Hands,,Matador,7,Nick Grimshaw,SHERELLE and George Riley,2025-04-09T07:00:00+01:00
Stevie Wonder,Boogie On Reggae Woman,,Motown,8,Nick Grimshaw,SHERELLE and George Riley,2025-04-09T07:00:00+01:00
Roni SizeRoni Size / Reprazent,Who Told You,,TALKIN LOUD,9,Nick Grimshaw,SHERELLE and George Riley,2025-04-09T07:00:00+01:00
Diana Ross,Love Hangover,Diana Ross & The Supremes - 40 Motown,Polygram Tv,10,Nick Grimshaw,SHERELLE and George Riley,2025-04-09T07:00:00+01:00
Chuck Wood,Seven Days Too Long,,VIRGIN,11,Nick Grimshaw,SHERELLE and George Riley,2025-04-09T07:00:00+01:00
Marina Zispin,Penthouse Samba,,Scenic Route,12,Nick Grimshaw,SHERELLE and George Riley,2025-04-09T07:00:00+01:00
M.I.A.,Galang '05,CD SINGLE,XL,13,Nick Grimshaw,SHERELLE and George Riley,2025-04-09T07:00:00+01:00
Manic Street Preachers,A Design For Life,,Global Television,14,Nick Grimshaw,SHERELLE and George Riley,2025-04-09T07:00:00+01:00
The Hives,Tick Tick Boom,CD SINGLE,Polydor,15,Nick Grimshaw,SHERELLE and George Riley,2025-04-09T07:00:00+01:00
Buena Vista Social Club,Chan Chan,,World Circuit,16,Nick Grimshaw,SHERELLE and George Riley,2025-04-09T07:00:00+01:00
Shirley Ellis,Soul Time,,Demon,17,Nick Grimshaw,SHERELLE and George Riley,2025-04-09T07:00:00+01:00
A Tribe Called Quest,Bonita Applebum,,Jive,18,Nick Grimshaw,SHERELLE and George Riley,2025-04-09T07:00:00+01:00
Derya YıldırımGrup Şimşek,Ceylan,,Big Crown,19,Nick Grimshaw,SHERELLE and George Riley,2025-04-09T07:00:00+01:00
DEVO,Whip It,,Virgin,20,Nick Grimshaw,SHERELLE and George Riley,2025-04-09T07:00:00+01:00
HAIM,Relationships,,Polydor,21,Nick Grimshaw,SHERELLE and George Riley,2025-04-09T07:00:00+01:00
Jagwar Ma,The Throw,,Marathon Artists,22,Nick Grimshaw,SHERELLE and George Riley,2025-04-09T07:00:00+01:00
Antony Szmierek,Crashing Up,,Mushroom Music / Virgin Music Group,23,Nick Grimshaw,SHERELLE and George Riley,2025-04-09T07:00:00+01:00
Jacques Greene,Do It Without You,,Lucky Me Records,24,Nick Grimshaw,SHERELLE and George Riley,2025-04-09T07:00:00+01:00
Arcade Fire,Year of the Snake,,Columbia,25,Nick Grimshaw,SHERELLE and George Riley,2025-04-09T07:00:00+01:00
Burial,Archangel,,Hyperdub,26,Nick Grimshaw,SHERELLE and George Riley,2025-04-09T07:00:00+01:00
Mark PritchardThom Yorke,This Conversation Is Missing Your Voice,,Warp,27,Nick Grimshaw,SHERELLE and George Riley,2025-04-09T07:00:00+01:00
SHERELLEGeorge Riley,Freaky (Just My Type)George Riley,,Method 808,28,Nick Grimshaw,SHERELLE and George Riley,2025-04-09T07:00:00+01:00
Chad WhiteLarry Heard,The Sun Can't Compare,Tapes,!K7 Records,29,Nick Grimshaw,SHERELLE and George Riley,2025-04-09T07:00:00+01:00
Dry Cleaning,Scratchcard Lanyard,,Beggars,30,Nick Grimshaw,SHERELLE and George Riley,2025-04-09T07:00:00+01:00
Lambrini Girls,No Homo,,City Slang,31,Nick Grimshaw,SHERELLE and George Riley,2025-04-09T07:00:00+01:00
YHWH Nailgun,"Sickle Walk (6 Music Session, 02 Apr 2025)",,,32,Nick Grimshaw,SHERELLE and George Riley,2025-04-09T07:00:00+01:00
Don Leisure,Maen Llia,,SAIN,33,Nick Grimshaw,SHERELLE and George Riley,2025-04-09T07:00:00+01:00
Maria Somerville,Stonefly,,4AD,34,Nick Grimshaw,SHERELLE and George Riley,2025-04-09T07:00:00+01:00
Joy Crookes,I Know You'd Kill,,Sony Music,35,Nick Grimshaw,SHERELLE and George Riley,2025-04-09T07:00:00+01:00
Sneaker Pimps,Spin Spin Sugar,(CD Single),Clean Up Records,36,Nick Grimshaw,SHERELLE and George Riley,2025-04-09T07:00:00+01:00
The Maccabees,Pelican,,Fiction,0,Nick Grimshaw,George MacKay,2025-04-08T07:00:00+01:00
Wet Leg,catch these fists,,Domino,1,Nick Grimshaw,George MacKay,2025-04-08T07:00:00+01:00
William Onyeabor,Fantastic Man,World Psychedelic Classics 5: Who Is William Onyeabor?,Luaka Bop,2,Nick Grimshaw,George MacKay,2025-04-08T07:00:00+01:00
The Dare,LCA,,,3,Nick Grimshaw,George MacKay,2025-04-08T07:00:00+01:00
Peaches,Boys Wanna Be Her,,XL Recordings,4,Nick Grimshaw,George MacKay,2025-04-08T07:00:00+01:00
TOKiMONSTAMEZ,Sci-FiMEZ,,Young Art Records,5,Nick Grimshaw,George MacKay,2025-04-08T07:00:00+01:00
Moses BoydPoppy Ajudha,Shades Of YouPoppy Ajudha,,Exodus Records,6,Nick Grimshaw,George MacKay,2025-04-08T07:00:00+01:00
MGMT,Kids,,Columbia,7,Nick Grimshaw,George MacKay,2025-04-08T07:00:00+01:00
Little Dragon,Ritual Union,,Peacefrog,8,Nick Grimshaw,George MacKay,2025-04-08T07:00:00+01:00
Pulp,Babies,,Island,9,Nick Grimshaw,George MacKay,2025-04-08T07:00:00+01:00
Bobby Womack,Across 110th Street,,EMI,10,Nick Grimshaw,George MacKay,2025-04-08T07:00:00+01:00
Faith Evans,Love Like This,Love Like This,Arista,11,Nick Grimshaw,George MacKay,2025-04-08T07:00:00+01:00
Baloji,L'Hiver Indien,,Bella Union,12,Nick Grimshaw,George MacKay,2025-04-08T07:00:00+01:00
Tenor Saw,Ring The Alarm,Dancehall Selecta,,13,Nick Grimshaw,George MacKay,2025-04-08T07:00:00+01:00
Missy Elliott,We Run This,,Atlantic,14,Nick Grimshaw,George MacKay,2025-04-08T07:00:00+01:00
DisclosureAlunaGeorge,White NoiseAlunaGeorge,,PMR,15,Nick Grimshaw,George MacKay,2025-04-08T07:00:00+01:00
The Charlatans,Love Is The Key,,Universal Music,16,Nick Grimshaw,George MacKay,2025-04-08T07:00:00+01:00
Warren GNate Dogg,Regulate,,ISLAND,17,Nick Grimshaw,George MacKay,2025-04-08T07:00:00+01:00
Aretha Franklin,Think,,Dino,18,Nick Grimshaw,George MacKay,2025-04-08T07:00:00+01:00
Cassius,Feeling For You,1999,Virgin,19,Nick Grimshaw,George MacKay,2025-04-08T07:00:00+01:00
jasmine.4.t,Tall Girl,,Saddest Factory,20,Nick Grimshaw,George MacKay,2025-04-08T07:00:00+01:00
Hot Chip,Ready for the Floor,CD SINGLE,EMI,21,Nick Grimshaw,George MacKay,2025-04-08T07:00:00+01:00
1-800 GIRLS,there 4 u,,1-800 Girls,22,Nick Grimshaw,George MacKay,2025-04-08T07:00:00+01:00
Julee Cruise,Falling,Soundtrack From Twin Peaks,Warner Records,23,Nick Grimshaw,George MacKay,2025-04-08T07:00:00+01:00
J Dilla,Don't Cry,Donuts,Stones Throw Records,24,Nick Grimshaw,George MacKay,2025-04-08T07:00:00+01:00
tUnE-yArDs,Limelight,,4AD,25,Nick Grimshaw,George MacKay,2025-04-08T07:00:00+01:00
OrbitalTilda Swinton,DeepestTilda Swinton,,London Records,26,Nick Grimshaw,George MacKay,2025-04-08T07:00:00+01:00
The Creatures,Miss The Girl,,Polygram TV,27,Nick Grimshaw,George MacKay,2025-04-08T07:00:00+01:00
CMAT,Running / Planning,,AWAL,28,Nick Grimshaw,George MacKay,2025-04-08T07:00:00+01:00
Muddy Waters,Got My Mojo Working,,Charly,29,Nick Grimshaw,George MacKay,2025-04-08T07:00:00+01:00
Myd,The Wizard,,Ed Banger Records,30,Nick Grimshaw,George MacKay,2025-04-08T07:00:00+01:00
The Strokes,Reptilia,,Rough Trade Records,31,Nick Grimshaw,George MacKay,2025-04-08T07:00:00+01:00
The Horrors,LA Runaway,,Fiction,32,Nick Grimshaw,George MacKay,2025-04-08T07:00:00+01:00
Skunk Anansie,LOST AND FOUND,,,33,Nick Grimshaw,George MacKay,2025-04-08T07:00:00+01:00
Panic Shack,Gok Wan,,Brace Yourself Records,34,Nick Grimshaw,George MacKay,2025-04-08T07:00:00+01:00
Dome 3000,Butterfly,,ambient tweets,35,Nick Grimshaw,George MacKay,2025-04-08T07:00:00+01:00
Patrick WolfZola Jesus,LimboZola Jesus,,Apport,36,Nick Grimshaw,George MacKay,2025-04-08T07:00:00+01:00
Gang of Four,At Home He's a Tourist,,EMI,37,Nick Grimshaw,George MacKay,2025-04-08T07:00:00+01:00
Sofia Kourtesis,La Perla,,Technicolour,0,Nick Grimshaw,"Guests, chat, and really good songs",2025-04-07T07:00:00+01:00
1-800 GIRLS,there 4 u,,1-800 Girls,1,Nick Grimshaw,"Guests, chat, and really good songs",2025-04-07T07:00:00+01:00
Fugees,Ready Or Not,,COLUMBIA,2,Nick Grimshaw,"Guests, chat, and really good songs",2025-04-07T07:00:00+01:00
Dome 3000,Butterfly,,ambient tweets,3,Nick Grimshaw,"Guests, chat, and really good songs",2025-04-07T07:00:00+01:00
Ramones,Rockaway Beach,,Rhino,4,Nick Grimshaw,"Guests, chat, and really good songs",2025-04-07T07:00:00+01:00
Pigs Pigs Pigs Pigs Pigs Pigs PigsEl‐P,Glib TonguedEl‐P,,Rocket Recordings,5,Nick Grimshaw,"Guests, chat, and really good songs",2025-04-07T07:00:00+01:00
The Flaming Lips,Yoshimi Battles The Pink Robots Pt. 1,,Warner Bros,6,Nick Grimshaw,"Guests, chat, and really good songs",2025-04-07T07:00:00+01:00
Sudan Archives,Confessions,,Stones Throw,7,Nick Grimshaw,"Guests, chat, and really good songs",2025-04-07T07:00:00+01:00
The Teardrop Explodes,Treason,,ISLAND,8,Nick Grimshaw,"Guests, chat, and really good songs",2025-04-07T07:00:00+01:00
Coi Leray,Players,,Republic Records,9,Nick Grimshaw,"Guests, chat, and really good songs",2025-04-07T07:00:00+01:00
Metronomy,The Bay,,Because Music,10,Nick Grimshaw,"Guests, chat, and really good songs",2025-04-07T07:00:00+01:00
Lily Allen,LDN,CD SINGLE,REGAL,11,Nick Grimshaw,"Guests, chat, and really good songs",2025-04-07T07:00:00+01:00
Cymande,Bra,Cymande,Janus Records ‎,12,Nick Grimshaw,"Guests, chat, and really good songs",2025-04-07T07:00:00+01:00
Nirvana,In Bloom,,DGC,13,Nick Grimshaw,"Guests, chat, and really good songs",2025-04-07T07:00:00+01:00
The Horrors,LA Runaway,,Fiction,14,Nick Grimshaw,"Guests, chat, and really good songs",2025-04-07T07:00:00+01:00
Badly Drawn Boy,All Possibilities,,XL,15,Nick Grimshaw,"Guests, chat, and really good songs",2025-04-07T07:00:00+01:00
Talking Heads,Take Me To The River,,EMI,16,Nick Grimshaw,"Guests, chat, and really good songs",2025-04-07T07:00:00+01:00
RitonKah‐Lo,Rinse & RepeatKah‐Lo,,Ministry Of Sound,17,Nick Grimshaw,"Guests, chat, and really good songs",2025-04-07T07:00:00+01:00
Lupe Fiasco,"Kick, Push",Lupe Fiasco's Food & Liquor,Atlantic,18,Nick Grimshaw,"Guests, chat, and really good songs",2025-04-07T07:00:00+01:00
Curtis Mayfield,Move On Up,,MCI,19,Nick Grimshaw,"Guests, chat, and really good songs",2025-04-07T07:00:00+01:00
Fatboy Slim,"Right Here, Right Now",,Fin People,20,Nick Grimshaw,"Guests, chat, and really good songs",2025-04-07T07:00:00+01:00
HAIM,Relationships,,Polydor,21,Nick Grimshaw,"Guests, chat, and really good songs",2025-04-07T07:00:00+01:00
Caesars,Jerk It Out,,Virgin,22,Nick Grimshaw,"Guests, chat, and really good songs",2025-04-07T07:00:00+01:00
Mogwai,Hi Chaos,,Rock Action,23,Nick Grimshaw,"Guests, chat, and really good songs",2025-04-07T07:00:00+01:00
Dick Dale,Misirlou,,MCA,24,Nick Grimshaw,"Guests, chat, and really good songs",2025-04-07T07:00:00+01:00
Matt Berninger,Bonnet of Pins,,Concord Recordings,25,Nick Grimshaw,"Guests, chat, and really good songs",2025-04-07T07:00:00+01:00
The Cardigans,Carnival,,Polydor,26,Nick Grimshaw,"Guests, chat, and really good songs",2025-04-07T07:00:00+01:00
Lambrini Girls,No Homo,,City Slang,27,Nick Grimshaw,"Guests, chat, and really good songs",2025-04-07T07:00:00+01:00
Clairo,North,Immunity,FADER Label,28,Nick Grimshaw,"Guests, chat, and really good songs",2025-04-07T07:00:00+01:00
Boards of Canada,Dayvan Cowboy,Trans Canada Highway,Warp Records Limited,29,Nick Grimshaw,"Guests, chat, and really good songs",2025-04-07T07:00:00+01:00
Maria Somerville,Stonefly,,4AD,30,Nick Grimshaw,"Guests, chat, and really good songs",2025-04-07T07:00:00+01:00
Caroline Polachek,Bunny Is A Rider,,Perpetual Novice,31,Nick Grimshaw,"Guests, chat, and really good songs",2025-04-07T07:00:00+01:00
The Selecter,Missing Words,,Two-Tone Records ‎,32,Nick Grimshaw,"Guests, chat, and really good songs",2025-04-07T07:00:00+01:00
Droogie OtisBoldy James,Everything DesignerBoldy James,,Madlib Invazion,33,Nick Grimshaw,"Guests, chat, and really good songs",2025-04-07T07:00:00+01:00
Poliça,Dark Star,,Memphis Industries,34,Nick Grimshaw,"Guests, chat, and really good songs",2025-04-07T07:00:00+01:00
Mark PritchardThom Yorke,This Conversation Is Missing Your Voice,,Warp,35,Nick Grimshaw,"Guests, chat, and really good songs",2025-04-07T07:00:00+01:00
beabadoobee,10:36,,Dirty Hit,36,Nick Grimshaw,"Guests, chat, and really good songs",2025-04-07T07:00:00+01:00
Jenny Hval,The Artist Is Absent,,4AD,37,Nick Grimshaw,"Guests, chat, and really good songs",2025-04-07T07:00:00+01:00
Polo & PanBeth Ditto,Petite ÉtoileBeth Ditto,,Virgin Records,38,Nick Grimshaw,"Guests, chat, and really good songs",2025-04-07T07:00:00+01:00
Self Esteem,"If Not Now, It's Soon",,Universal,39,Nick Grimshaw,"Guests, chat, and really good songs",2025-04-07T07:00:00+01:00
The 5.6.7.8’s,Woo Hoo,,Sweet Nothing,40,Nick Grimshaw,"Guests, chat, and really good songs",2025-04-07T07:00:00+01:00
The Raconteurs,Steady As She Goes,CD SINGLE,XL,0,Nick Grimshaw,Richard E. Grant,2025-04-04T07:00:00+01:00
Billy Nomates,The Test,,Invada Records,1,Nick Grimshaw,Richard E. Grant,2025-04-04T07:00:00+01:00
Chaka Khan,Hello Happiness,,Diary Records,2,Nick Grimshaw,Richard E. Grant,2025-04-04T07:00:00+01:00
Jordan Rakei,The Seize,,,3,Nick Grimshaw,Richard E. Grant,2025-04-04T07:00:00+01:00
The Fall,Hit The North,,Beggars Banquet,4,Nick Grimshaw,Richard E. Grant,2025-04-04T07:00:00+01:00
Pigs Pigs Pigs Pigs Pigs Pigs PigsEl‐P,Glib TonguedEl‐P,,Rocket Recordings,5,Nick Grimshaw,Richard E. Grant,2025-04-04T07:00:00+01:00
Fugazi,Waiting Room,,Dischord,6,Nick Grimshaw,Richard E. Grant,2025-04-04T07:00:00+01:00
PrinceThe Revolution,Let's Go Crazy,,Warner Bros,7,Nick Grimshaw,Richard E. Grant,2025-04-04T07:00:00+01:00
Donna Summer,I Feel Love,,Mercury,8,Nick Grimshaw,Richard E. Grant,2025-04-04T07:00:00+01:00
VegynLauren Auder,Halo FlipLauren Auder,,PLZ Make It Ruins/Warp,9,Nick Grimshaw,Richard E. Grant,2025-04-04T07:00:00+01:00
Nina Simone,I Wish I Knew (How It Would Feel To Be Free),The Best Of,Philips,10,Nick Grimshaw,Richard E. Grant,2025-04-04T07:00:00+01:00
Foals,Life Is Yours,,Warner,11,Nick Grimshaw,Richard E. Grant,2025-04-04T07:00:00+01:00
tUnE-yArDs,Limelight,,4AD,12,Nick Grimshaw,Richard E. Grant,2025-04-04T07:00:00+01:00
Beck,Sexx Laws,,White Label,13,Nick Grimshaw,Richard E. Grant,2025-04-04T07:00:00+01:00
Afrikan Boy,Hit 'Em Up,,Yam records,14,Nick Grimshaw,Richard E. Grant,2025-04-04T07:00:00+01:00
Bonobo,Rosewood,,Ninja Tune,15,Nick Grimshaw,Richard E. Grant,2025-04-04T07:00:00+01:00
Gwen McCrae,All This Love That I'm Giving,,CAT RECORDS,16,Nick Grimshaw,Richard E. Grant,2025-04-04T07:00:00+01:00
Felix da Housecat,Silver Screen Shower Scene,,City Rockers,17,Nick Grimshaw,Richard E. Grant,2025-04-04T07:00:00+01:00
Electric Six,Danger! High Voltage!,,XL,18,Nick Grimshaw,Richard E. Grant,2025-04-04T07:00:00+01:00
Decius,Queen Of 14th St,,The Leaf Label,19,Nick Grimshaw,Richard E. Grant,2025-04-04T07:00:00+01:00
Cat PowerLana Del Rey,WomanLana Del Rey,,Domino,20,Nick Grimshaw,Richard E. Grant,2025-04-04T07:00:00+01:00
Lucy Dacus,Best Guess,,Geffen Records,21,Nick Grimshaw,Richard E. Grant,2025-04-04T07:00:00+01:00
English Teacher,Nearly Daffodils (6 Music Festival 2025),,,22,Nick Grimshaw,Richard E. Grant,2025-04-04T07:00:00+01:00
Droogie OtisBoldy James,Everything DesignerBoldy James,,Madlib Invazion,23,Nick Grimshaw,Richard E. Grant,2025-04-04T07:00:00+01:00
Jenny Hval,The Artist Is Absent,,4AD,24,Nick Grimshaw,Richard E. Grant,2025-04-04T07:00:00+01:00
Bright Eyes,Gold Mine Gutted,,Saddle Creek,25,Nick Grimshaw,Richard E. Grant,2025-04-04T07:00:00+01:00
CMAT,Running / Planning,,AWAL,26,Nick Grimshaw,Richard E. Grant,2025-04-04T07:00:00+01:00
Deee‐Lite,Groove Is In The Heart,The Best Of 100% Dance  (Various Artists),Telstar,27,Nick Grimshaw,Richard E. Grant,2025-04-04T07:00:00+01:00
Alison Limerick,Where Love Lives,(CD Single),BMG,28,Nick Grimshaw,Richard E. Grant,2025-04-04T07:00:00+01:00
Viagra Boys,The Bog Body,,Shrimptech Enterprises,29,Nick Grimshaw,Richard E. Grant,2025-04-04T07:00:00+01:00
Beach House,Zebra,CD SINGLE,BELLA UNION,30,Nick Grimshaw,Richard E. Grant,2025-04-04T07:00:00+01:00
Wet Leg,catch these fists,,Domino,31,Nick Grimshaw,Richard E. Grant,2025-04-04T07:00:00+01:00
OrbitalTilda Swinton,DeepestTilda Swinton,,London Records,32,Nick Grimshaw,Richard E. Grant,2025-04-04T07:00:00+01:00
Derya YıldırımGrup Şimşek,Ceylan,,Big Crown,33,Nick Grimshaw,Richard E. Grant,2025-04-04T07:00:00+01:00
YaejiE Wata,PondeggiE Wata,,XL rECORDS,34,Nick Grimshaw,Richard E. Grant,2025-04-04T07:00:00+01:00
Inner City,Big Fun,PARADISE,10 Records,35,Nick Grimshaw,Richard E. Grant,2025-04-04T07:00:00+01:00
Unknown Mortal Orchestra,Swim and Sleep (Like A Shark),,JAGJAGUWAR,0,Nick Grimshaw,Joy Crookes,2025-04-03T07:00:00+01:00
Car Seat Headrest,Gethsemane,,Matador,1,Nick Grimshaw,Joy Crookes,2025-04-03T07:00:00+01:00
Sade,The Sweetest Taboo,Promise,Epic,2,Nick Grimshaw,Joy Crookes,2025-04-03T07:00:00+01:00
Djo,Potion,,,3,Nick Grimshaw,Joy Crookes,2025-04-03T07:00:00+01:00
Charlotte AdigéryBolis Pupul,Ceci n'est pas un cliché,,DEEWEE,4,Nick Grimshaw,Joy Crookes,2025-04-03T07:00:00+01:00
1-800 GIRLS,there 4 u,,1-800 Girls,5,Nick Grimshaw,Joy Crookes,2025-04-03T07:00:00+01:00
Pavement,Cut Your Hair,CD SINGLE,Domino,6,Nick Grimshaw,Joy Crookes,2025-04-03T07:00:00+01:00
The Cure,Close To Me,,Fiction,7,Nick Grimshaw,Joy Crookes,2025-04-03T07:00:00+01:00
Wu-Tang Clan,C.R.E.A.M.,Enter The Wu-Tang (36 Chambers),RCA,8,Nick Grimshaw,Joy Crookes,2025-04-03T07:00:00+01:00
DJ ZincMs. Dynamite,Wile OutMs. Dynamite,Wile Out,Bingo Bass,9,Nick Grimshaw,Joy Crookes,2025-04-03T07:00:00+01:00
The RootsCody ChesnuTT,The Seed (2.0)Cody ChesnuTT,,MCA,10,Nick Grimshaw,Joy Crookes,2025-04-03T07:00:00+01:00
Barry Can't Swim,Sunsleeper,When Will We Land?,Ninja Tune,11,Nick Grimshaw,Joy Crookes,2025-04-03T07:00:00+01:00
Model/Actriz,Cinderella,,Dirty Hit,12,Nick Grimshaw,Joy Crookes,2025-04-03T07:00:00+01:00
Le Tigre,After Dark,,Universal,13,Nick Grimshaw,Joy Crookes,2025-04-03T07:00:00+01:00
Ride,Twisterella,,IGNITION MUSIK,14,Nick Grimshaw,Joy Crookes,2025-04-03T07:00:00+01:00
Primal Scream,Rocks,,Virgin,15,Nick Grimshaw,Joy Crookes,2025-04-03T07:00:00+01:00
Bomb the BassJustin Warfield,Bug Powder Dust,,Fourth & Broadway,16,Nick Grimshaw,Joy Crookes,2025-04-03T07:00:00+01:00
Tiga,Pleasure From The Bass,Sexor,Wall of Sound Recordings L,17,Nick Grimshaw,Joy Crookes,2025-04-03T07:00:00+01:00
Justice,Civilization,,ED BANGER RECORDS,18,Nick Grimshaw,Joy Crookes,2025-04-03T07:00:00+01:00
jasmine.4.t,Tall Girl,,Saddest Factory,19,Nick Grimshaw,Joy Crookes,2025-04-03T07:00:00+01:00
Regina Spektor,Us,,TRANSGRESSIVE RECORDS,20,Nick Grimshaw,Joy Crookes,2025-04-03T07:00:00+01:00
Perfume Genius,Me & Angel,,Matador Records,21,Nick Grimshaw,Joy Crookes,2025-04-03T07:00:00+01:00
FKA twigs,Two Weeks,,Young Turks,22,Nick Grimshaw,Joy Crookes,2025-04-03T07:00:00+01:00
James Blake,Life Round Here,,ATLAS,23,Nick Grimshaw,Joy Crookes,2025-04-03T07:00:00+01:00
TOKiMONSTAMEZ,Sci-FiMEZ,,Young Art Records,24,Nick Grimshaw,Joy Crookes,2025-04-03T07:00:00+01:00
Wet Leg,catch these fists,,Domino,25,Nick Grimshaw,Joy Crookes,2025-04-03T07:00:00+01:00
Naughty by Nature,O.P.P.,,Tommy Boy Records,26,Nick Grimshaw,Joy Crookes,2025-04-03T07:00:00+01:00
Kae Tempest,Statue In The Square,,Island Records,27,Nick Grimshaw,Joy Crookes,2025-04-03T07:00:00+01:00
Joy Division,Disorder,,London,28,Nick Grimshaw,Joy Crookes,2025-04-03T07:00:00+01:00
Joy Crookes,I Know You'd Kill,,,29,Nick Grimshaw,Joy Crookes,2025-04-03T07:00:00+01:00
The Smashing Pumpkins,1979,,HUT MUSIC,24,Nick Grimshaw,Bowen Yang,2025-04-15T07:00:00+01:00
Cassius,Feeling For You,1999,Virgin,19,Nick Grimshaw,George MacKay,2025-04-08T07:00:00+01:00
Caroline Polachek,Welcome To My Island,,Perpetual Novice,0,Nick Grimshaw,"Guests, chat, and really good songs",2025-04-02T07:00:00+01:00
Kae Tempest,Statue In The Square,,Island Records,1,Nick Grimshaw,"Guests, chat, and really good songs",2025-04-02T07:00:00+01:00
Boogie Down Productions,The Bridge Is Over,,B-Boy Records,2,Nick Grimshaw,"Guests, chat, and really good songs",2025-04-02T07:00:00+01:00
Little Simz,Free,,AWAL Recordings,3,Nick Grimshaw,"Guests, chat, and really good songs",2025-04-02T07:00:00+01:00
Mazzy Star,Ride It On,SHE HANGS BRIGHTLY,Rough Trade Records,4,Nick Grimshaw,"Guests, chat, and really good songs",2025-04-02T07:00:00+01:00
Jacob Alon,Don't Fall Asleep,,Island Records,5,Nick Grimshaw,"Guests, chat, and really good songs",2025-04-02T07:00:00+01:00
Blood Orange,Charcoal Baby,,Domino Recording Co,6,Nick Grimshaw,"Guests, chat, and really good songs",2025-04-02T07:00:00+01:00
Confidence Man,Holiday,,Heavenly Recordings,7,Nick Grimshaw,"Guests, chat, and really good songs",2025-04-02T07:00:00+01:00
The Drums,Let's Go Surfing,CD SINGLE,MOSHI MOSHI,8,Nick Grimshaw,"Guests, chat, and really good songs",2025-04-02T07:00:00+01:00
Kirsty MacColl,There's a Guy Works Down the Chip Shop Swears He's Elvis,Kirsty Maccoll - Galore,Virgin,9,Nick Grimshaw,"Guests, chat, and really good songs",2025-04-02T07:00:00+01:00
Friendly Fires,Jump In The Pool,CD SINGLE,XL,10,Nick Grimshaw,"Guests, chat, and really good songs",2025-04-02T07:00:00+01:00
Felt,Primitive Painters,ABSOLUTE CLASSIC MASTERPIECES,CHERRY RED,11,Nick Grimshaw,"Guests, chat, and really good songs",2025-04-02T07:00:00+01:00
The Cult,She Sells Sanctuary,,Beggars Banquet,12,Nick Grimshaw,"Guests, chat, and really good songs",2025-04-02T07:00:00+01:00
jasmine.4.t,Tall Girl,,Saddest Factory,13,Nick Grimshaw,"Guests, chat, and really good songs",2025-04-02T07:00:00+01:00
Maceo & the Macks,Cross The Tracks (We Better Go Back),,Universal,14,Nick Grimshaw,"Guests, chat, and really good songs",2025-04-02T07:00:00+01:00
St. Vincent,Digital Witness,St Vincent,LomaVista/Caroline International,15,Nick Grimshaw,"Guests, chat, and really good songs",2025-04-02T07:00:00+01:00
Queens of the Stone Age,No One Knows,,Interscope,16,Nick Grimshaw,"Guests, chat, and really good songs",2025-04-02T07:00:00+01:00
Sounds of Blackness,Optimistic,(CD Single),Perspective,17,Nick Grimshaw,"Guests, chat, and really good songs",2025-04-02T07:00:00+01:00
Wolf Alice,Bros,,Dirty Hit,18,Nick Grimshaw,"Guests, chat, and really good songs",2025-04-02T07:00:00+01:00
R.E.M.,Orange Crush,,Warner Bros,19,Nick Grimshaw,"Guests, chat, and really good songs",2025-04-02T07:00:00+01:00
CMAT,Running / Planning,,AWAL,20,Nick Grimshaw,"Guests, chat, and really good songs",2025-04-02T07:00:00+01:00
Belly,Gepetto,,4 A.D.,21,Nick Grimshaw,"Guests, chat, and really good songs",2025-04-02T07:00:00+01:00
Model/Actriz,Cinderella,,Dirty Hit,22,Nick Grimshaw,"Guests, chat, and really good songs",2025-04-02T07:00:00+01:00
Manakinz,Dub Safari,,,23,Nick Grimshaw,"Guests, chat, and really good songs",2025-04-02T07:00:00+01:00
Domenic Cappello,Moon Jump,,,24,Nick Grimshaw,"Guests, chat, and really good songs",2025-04-02T07:00:00+01:00
Hudson Mohawke,Dance Forever,,,25,Nick Grimshaw,"Guests, chat, and really good songs",2025-04-02T07:00:00+01:00
Santigold,Say Aha,CD SINGLE,Atlantic,26,Nick Grimshaw,"Guests, chat, and really good songs",2025-04-02T07:00:00+01:00
Pigs Pigs Pigs Pigs Pigs Pigs PigsEl‐P,Glib TonguedEl‐P,,Rocket Recordings,27,Nick Grimshaw,"Guests, chat, and really good songs",2025-04-02T07:00:00+01:00
Polo & PanBeth Ditto,Petite ÉtoileBeth Ditto,,Virgin Records,28,Nick Grimshaw,"Guests, chat, and really good songs",2025-04-02T07:00:00+01:00
Fontaines D.C.,Liberty Belle,,PARTISAN RECORDS,29,Nick Grimshaw,"Guests, chat, and really good songs",2025-04-02T07:00:00+01:00
Billy Nomates,The Test,,Invada Records,30,Nick Grimshaw,"Guests, chat, and really good songs",2025-04-02T07:00:00+01:00
The Velvet Underground,Who Loves The Sun,Loaded,Rhino,31,Nick Grimshaw,"Guests, chat, and really good songs",2025-04-02T07:00:00+01:00
Jessie Ware,If You're Never Gonna Move,,PMR Records,32,Nick Grimshaw,"Guests, chat, and really good songs",2025-04-02T07:00:00+01:00
Jenny Hval,The Artist Is Absent,,4AD,33,Nick Grimshaw,"Guests, chat, and really good songs",2025-04-02T07:00:00+01:00
clipping.,Change The Channel,,Sub Pop,34,Nick Grimshaw,"Guests, chat, and really good songs",2025-04-02T07:00:00+01:00
1-800 GIRLS,there 4 u,,1-800 Girls,35,Nick Grimshaw,"Guests, chat, and really good songs",2025-04-02T07:00:00+01:00
Sly & the Family Stone,I Want To Take You Higher,,Epic,36,Nick Grimshaw,"Guests, chat, and really good songs",2025-04-02T07:00:00+01:00
Amy Winehouse,You Know I'm No Good,,ISLAND,37,Nick Grimshaw,"Guests, chat, and really good songs",2025-04-02T07:00:00+01:00
Patrick WolfZola Jesus,LimboZola Jesus,,Apport,38,Nick Grimshaw,"Guests, chat, and really good songs",2025-04-02T07:00:00+01:00
Perfume Genius,Slip Away (6 Music Festival 2025),,,39,Nick Grimshaw,"Guests, chat, and really good songs",2025-04-02T07:00:00+01:00
Don Leisure,Maen Llia,,SAIN,40,Nick Grimshaw,"Guests, chat, and really good songs",2025-04-02T07:00:00+01:00
tUnE-yArDs,Limelight,,4AD,41,Nick Grimshaw,"Guests, chat, and really good songs",2025-04-02T07:00:00+01:00
Planningtorock,Living It Out,We Love Dfa: Singles 2010 / 2011,DFA,42,Nick Grimshaw,"Guests, chat, and really good songs",2025-04-02T07:00:00+01:00
Wolf Alice,Bros,My Love Is Cool,Dirty Hit,18,Nick Grimshaw,"Guests, chat, and really good songs",2025-04-02T07:00:00+01:00
Rilo Kiley,Portions For Foxes,,Brute/Beaute Records,0,Nick Grimshaw,The Blessed Madonna,2025-04-01T07:00:00+01:00
Billy Nomates,The Test,,Invada Records,1,Nick Grimshaw,The Blessed Madonna,2025-04-01T07:00:00+01:00
The Human League,Love Action (I Believe In Love),,Virgin,2,Nick Grimshaw,The Blessed Madonna,2025-04-01T07:00:00+01:00
Ezra Furman,Jump Out,Single,Bella Union,3,Nick Grimshaw,The Blessed Madonna,2025-04-01T07:00:00+01:00
Kendrick LamarDr. Dre,ComptonDr. Dre,"Good Kid, m.A.A.d City",Aftermath / Interscope Records,4,Nick Grimshaw,The Blessed Madonna,2025-04-01T07:00:00+01:00
Droogie OtisBoldy James,Everything DesignerBoldy James,,Madlib Invazion,5,Nick Grimshaw,The Blessed Madonna,2025-04-01T07:00:00+01:00
Steve Lacy,Playground,Apollo XXI,3qtr,6,Nick Grimshaw,The Blessed Madonna,2025-04-01T07:00:00+01:00
The Style Council,Shout To The Top,,Polydor,7,Nick Grimshaw,The Blessed Madonna,2025-04-01T07:00:00+01:00
LCD Soundsystem,Drunk Girls,CD SINGLE,DFA/Parlophone,8,Nick Grimshaw,The Blessed Madonna,2025-04-01T07:00:00+01:00
Harvey Danger,Flagpole Sitta,,Incredible,9,Nick Grimshaw,The Blessed Madonna,2025-04-01T07:00:00+01:00
Pet Shop Boys,Heart,Pet Shop Boys - Discography,EMI,10,Nick Grimshaw,The Blessed Madonna,2025-04-01T07:00:00+01:00
The Rapture,How Deep Is Your Love?,,DFA/Cooperative,11,Nick Grimshaw,The Blessed Madonna,2025-04-01T07:00:00+01:00
Goldfrapp,Strict Machine,,Mute Records,12,Nick Grimshaw,The Blessed Madonna,2025-04-01T07:00:00+01:00
TOKiMONSTAMEZ,Sci-FiMEZ,,Young Art Records,13,Nick Grimshaw,The Blessed Madonna,2025-04-01T07:00:00+01:00
Ian Dury & the Blockheads,"Reasons To Be Cheerful, Part 3",,Papillion,14,Nick Grimshaw,The Blessed Madonna,2025-04-01T07:00:00+01:00
Laura Mvula,Green Garden,,RCA,15,Nick Grimshaw,The Blessed Madonna,2025-04-01T07:00:00+01:00
Girl Ray,Show Me More,,Moshi Moshi,16,Nick Grimshaw,The Blessed Madonna,2025-04-01T07:00:00+01:00
Cypress Hill,Insane In The Brain,,Ruffhouse/Columbia,17,Nick Grimshaw,The Blessed Madonna,2025-04-01T07:00:00+01:00
Yeah Yeah Yeahs,Heads Will Roll,CD SINGLE,Geffen,18,Nick Grimshaw,The Blessed Madonna,2025-04-01T07:00:00+01:00
Gat Décor,Passion,Passion,Effective Records,19,Nick Grimshaw,The Blessed Madonna,2025-04-01T07:00:00+01:00
Marina Zispin,Penthouse Samba,,Scenic Route,20,Nick Grimshaw,The Blessed Madonna,2025-04-01T07:00:00+01:00
The Specials,Rat Race,,EMI,21,Nick Grimshaw,The Blessed Madonna,2025-04-01T07:00:00+01:00
Perfume Genius,In A Row,,Matador Records,22,Nick Grimshaw,The Blessed Madonna,2025-04-01T07:00:00+01:00
Fred again..Blessed Madonna,Marea (We've Lost Dancing)Blessed Madonna,,Atlantic,23,Nick Grimshaw,The Blessed Madonna,2025-04-01T07:00:00+01:00
OutKast,Prototype,Speakerboxxx / The Love Below,Arista,24,Nick Grimshaw,The Blessed Madonna,2025-04-01T07:00:00+01:00
Self Esteem,"If Not Now, It's Soon",,Universal,25,Nick Grimshaw,The Blessed Madonna,2025-04-01T07:00:00+01:00
Paramore,Still Into You,Paramore,Fueled By Ramen,26,Nick Grimshaw,The Blessed Madonna,2025-04-01T07:00:00+01:00
Polo & PanBeth Ditto,Petite ÉtoileBeth Ditto,,Virgin Records,27,Nick Grimshaw,The Blessed Madonna,2025-04-01T07:00:00+01:00
BODEGA,How Did This Happen?!,,What's Your Rupture?,28,Nick Grimshaw,The Blessed Madonna,2025-04-01T07:00:00+01:00
Lambrini Girls,No Homo,,City Slang,29,Nick Grimshaw,The Blessed Madonna,2025-04-01T07:00:00+01:00
Florence + The Machine,Free,Dance Fever,Polydor,30,Nick Grimshaw,The Blessed Madonna,2025-04-01T07:00:00+01:00
The Horrors,LA Runaway,,Fiction,31,Nick Grimshaw,The Blessed Madonna,2025-04-01T07:00:00+01:00
Erykah BaduQueen LatifahAngie StoneBahamadia,Love Of My Life WorldwideQueen LatifahAngie StoneBahamadia,World Wide Underground,Motown,32,Nick Grimshaw,The Blessed Madonna,2025-04-01T07:00:00+01:00
HAIM,Relationships,,Polydor,33,Nick Grimshaw,The Blessed Madonna,2025-04-01T07:00:00+01:00
Ezra Collective,Wish I Didn't Miss You (6 Music Festival 2025),,,34,Nick Grimshaw,The Blessed Madonna,2025-04-01T07:00:00+01:00
GANS,I THINK I LIKE YOU,,Strap Originals,35,Nick Grimshaw,The Blessed Madonna,2025-04-01T07:00:00+01:00
Pan Amsterdam,Confines,,Heavenly Recordings,36,Nick Grimshaw,The Blessed Madonna,2025-04-01T07:00:00+01:00
Saint Etienne,You're In A Bad Way,,Heavenly,37,Nick Grimshaw,The Blessed Madonna,2025-04-01T07:00:00+01:00
Fatboy Slim,"Right Here, Right Now",Right Here Right Now,Fin People,20,Nick Grimshaw,"Guests, chat, and really good songs",2025-04-07T07:00:00+01:00
TV on the Radio,Golden Age,CD SINGLE,4 A.D.,0,Nick Grimshaw,"Guests, chat, and really good songs",2025-03-31T07:00:00+01:00
CMAT,Running / Planning,,AWAL,1,Nick Grimshaw,"Guests, chat, and really good songs",2025-03-31T07:00:00+01:00
Katy BMs. Dynamite,Lights OnMs. Dynamite,Urban Floorfillers,UMOD (Universal Music On Demand),2,Nick Grimshaw,"Guests, chat, and really good songs",2025-03-31T07:00:00+01:00
Little Simz,Free,,AWAL Recordings,3,Nick Grimshaw,"Guests, chat, and really good songs",2025-03-31T07:00:00+01:00
Faith No More,Epic,,Slash,4,Nick Grimshaw,"Guests, chat, and really good songs",2025-03-31T07:00:00+01:00
Pigs Pigs Pigs Pigs Pigs Pigs PigsEl‐P,Glib TonguedEl‐P,,Rocket Recordings,5,Nick Grimshaw,"Guests, chat, and really good songs",2025-03-31T07:00:00+01:00
Lost Cherrees,Everyday Choice,,Cherry Red Records,6,Nick Grimshaw,"Guests, chat, and really good songs",2025-03-31T07:00:00+01:00
Lizzo,Boys,,Atlantic Recordings,7,Nick Grimshaw,"Guests, chat, and really good songs",2025-03-31T07:00:00+01:00
Suede,Animal Nitrate,,Nude Records,8,Nick Grimshaw,"Guests, chat, and really good songs",2025-03-31T07:00:00+01:00
The Undertones,Teenage Kicks,,EMI,9,Nick Grimshaw,"Guests, chat, and really good songs",2025-03-31T07:00:00+01:00
Björk,Big Time Sensuality,,One Little Indian Record,10,Nick Grimshaw,"Guests, chat, and really good songs",2025-03-31T07:00:00+01:00
The Chemical Brothers,Star Guitar,,Virgin,11,Nick Grimshaw,"Guests, chat, and really good songs",2025-03-31T07:00:00+01:00
DJ ShadowDe La Soul,Rocket FuelDe La Soul,,Mass Appeal / Reconstruction Productions Inc.,12,Nick Grimshaw,"Guests, chat, and really good songs",2025-03-31T07:00:00+01:00
Model/Actriz,Cinderella,,Dirty Hit,13,Nick Grimshaw,"Guests, chat, and really good songs",2025-03-31T07:00:00+01:00
Echo & the Bunnymen,The Cutter,,Korova,14,Nick Grimshaw,"Guests, chat, and really good songs",2025-03-31T07:00:00+01:00
CSS,Let's Make Love And Listen To Death From Above,CD SINGLE,,15,Nick Grimshaw,"Guests, chat, and really good songs",2025-03-31T07:00:00+01:00
Gabriels,Glory,,Parlophone,16,Nick Grimshaw,"Guests, chat, and really good songs",2025-03-31T07:00:00+01:00
Laura Marling,Strange Girl,,Partisan/Chrysalis,17,Nick Grimshaw,"Guests, chat, and really good songs",2025-03-31T07:00:00+01:00
Otis Redding,I Can't Turn You Loose,,Atlantic,18,Nick Grimshaw,"Guests, chat, and really good songs",2025-03-31T07:00:00+01:00
Bombay Bicycle Club,"Eat, Sleep, Wake (Nothing But You)",,Mmm...Records via Caroline International/Island,19,Nick Grimshaw,"Guests, chat, and really good songs",2025-03-31T07:00:00+01:00
Transglobal Underground,Temple Head (Pacific Edit),(CD Single),DE/CONSTRUCTION,20,Nick Grimshaw,"Guests, chat, and really good songs",2025-03-31T07:00:00+01:00
Myd,The Wizard,,Ed Banger Records,21,Nick Grimshaw,"Guests, chat, and really good songs",2025-03-31T07:00:00+01:00
The Dandy Warhols,Every Day Should Be A Holiday,,Capitol,22,Nick Grimshaw,"Guests, chat, and really good songs",2025-03-31T07:00:00+01:00
Car Seat Headrest,Gethsemane,,Matador,23,Nick Grimshaw,"Guests, chat, and really good songs",2025-03-31T07:00:00+01:00
Sinéad O’Connor,Jackie,Lion and the Cobra,Chrysalis Records,24,Nick Grimshaw,"Guests, chat, and really good songs",2025-03-31T07:00:00+01:00
Jacob Alon,Don't Fall Asleep,,Island Records,25,Nick Grimshaw,"Guests, chat, and really good songs",2025-03-31T07:00:00+01:00
Bon Iver,Skinny Love,,4 A.D.,26,Nick Grimshaw,"Guests, chat, and really good songs",2025-03-31T07:00:00+01:00
Joy Crookes,I Knew You'd Kill,,Speakerbox Records,27,Nick Grimshaw,"Guests, chat, and really good songs",2025-03-31T07:00:00+01:00
Lush,Single Girl,,4 A.D.,28,Nick Grimshaw,"Guests, chat, and really good songs",2025-03-31T07:00:00+01:00
Mark PritchardThom Yorke,This Conversation Is Missing Your Voice,,Warp,29,Nick Grimshaw,"Guests, chat, and really good songs",2025-03-31T07:00:00+01:00
IDLES,POP POP POP,,Partisan,30,Nick Grimshaw,"Guests, chat, and really good songs",2025-03-31T07:00:00+01:00
Azari & III,Reckless (With Your Love),Azari And III,Loose Lips Records,31,Nick Grimshaw,"Guests, chat, and really good songs",2025-03-31T07:00:00+01:00
Shannon,Let The Music Play,,Now! Music,32,Nick Grimshaw,"Guests, chat, and really good songs",2025-03-31T07:00:00+01:00
FlorentinoDJ Ramon SucessoShygirl,Pressure FunkShygirl,Pressure Funk,XL Recordings,33,Nick Grimshaw,"Guests, chat, and really good songs",2025-03-31T07:00:00+01:00
Antony Szmierek,Crashing Up,,Mushroom Music / Virgin Music Group,34,Nick Grimshaw,"Guests, chat, and really good songs",2025-03-31T07:00:00+01:00
Bat for Lashes,Daniel,CD SINGLE,PARLOPHONE,35,Nick Grimshaw,"Guests, chat, and really good songs",2025-03-31T07:00:00+01:00
Lucy Dacus,Best Guess,,Geffen Records,36,Nick Grimshaw,"Guests, chat, and really good songs",2025-03-31T07:00:00+01:00
Kae Tempest,More Pressure (6 Music Festival 2025),,,37,Nick Grimshaw,"Guests, chat, and really good songs",2025-03-31T07:00:00+01:00
Decius,Queen Of 14th St,,The Leaf Label,38,Nick Grimshaw,"Guests, chat, and really good songs",2025-03-31T07:00:00+01:00
1-800 GIRLS,there 4 u,,1-800 Girls,39,Nick Grimshaw,"Guests, chat, and really good songs",2025-03-31T07:00:00+01:00
Genesis Owusu,Survivor,,OURNESS,40,Nick Grimshaw,"Guests, chat, and really good songs",2025-03-31T07:00:00+01:00
